distributor_name,brand,governorate,area,address,phone
ﻋﺑد اﻟﻌزﯾز اﻟﺳﻼب,Sarrdesign,اﻟﻘﺎھرة,ﻣﺻر اﻟﺟدﯾدة,اﻟﻧزھﺔ اﻟﺟدﯾدة: 861 ﺟوزﯾف ﺗﯾﺗو، ﺑﺟوار اﻟﺳﻧدﺑﺎد - اﻟﻧزھﺔ اﻟﺟدﯾدة,22622588 / 26200106
ﻋﺑد اﻟﻌزﯾز اﻟﺳﻼب,Sarrdesign,اﻟﺟﯾزة,ش اﻟﺑﺣر اﻻﻋظم,اﻟﺟﯾزة: ﺷﺎرع اﻟﺑﺣر اﻻﻋظم,19601
ﻋﺑد اﻟﻌزﯾز اﻟﺳﻼب,Sarrdesign,اﻟﻘﺎھرة,اﻟﺗﺟﻣﻊ اﻟﺧﺎﻣس,اﻟﺗﺟﻣﻊ: ﺷﺎرع اﻟﺗﺳﻌﯾن أﻣﺎم اﻟﺟﺎﻣﻌﺔ اﻷﻣرﯾﻛﯾﺔ - اﻟﺗﺟﻣﻊ اﻟﺧﺎﻣس,19601
ﻋﺑد اﻟﻌزﯾز اﻟﺳﻼب,Sarrdesign,اﻟدﻗﮭﻠﯾﺔ,اﻟﻣﻧﺻورة,ﺟزﯾرة اﻟورد: ﺑرج اﻟﺳﻼب - ﺟزﯾرة اﻟورد,050 2389944 / 2397900
ﻋﺑد اﻟﻌزﯾز اﻟﺳﻼب,Sarrdesign,اﻟدﻗﮭﻠﯾﺔ,اﻟﻣﻧﺻورة,ﺟزﯾرة اﻟورد - اﻟﻣﺷﺎﯾﺔ اﻟﺳﻔﻠﯾﺔ اﻣﺎن ﻧﺎدى ﺟزﯾرة اﻟورد,502208262
ﻋﺑد اﻟﻌزﯾز اﻟﺳﻼب,Sarrdesign,اﻟدﻗﮭﻠﯾﺔ,اﻟﻣﻧﺻورة,ﺣﻰ ﻏرب: ﺗﻘﺳﯾم ﺳﺎﻣﯾﺔ اﻟﺟﻣل أﻣﺎم ﺣﻰ ﻏرب,050 2231580 / 2236500
ﻋﺑد اﻟﻌزﯾز اﻟﺳﻼب,Sarrdesign,اﻟدﻗﮭﻠﯾﺔ,اﻟﻣﻧﺻورة,ﺷرﺑﯾن - ﺷﺎرع ﺳﯾدى ﻋﻣر اﻣﺎم ﻣﺳﺟد اﻟﺳﻼب,0503920181 - 0503921430
اﺣﻣد اﻟﺳﻼب,Sarrdesign,اﻟﻘﺎھرة,اﻟﻣﻘطم,اﻟﻣﻌﺎدي: ﻣول اﻟﻣﻌﺎدى ﺗﻘﺎطﻊ اﻟداﺋرى ﻣﻊ اوﺗوﺳﺗراد اﻟﻣﻌﺎدي,27272785 / 27272780
اﺣﻣد اﻟﺳﻼب,Sarrdesign,اﻟﻘﺎھرة,ﻣدﯾﻧﺔ ﻧﺻر,ﻣدﯾﻧﺔ ﻧﺻر,19075
اﺣﻣد اﻟﺳﻼب,Sarrdesign,اﻟﻘﺎھرة,ﻣدﯾﻧﺔ ﻧﺻر,ﻣدﯾﻧﺔ ﻧﺻر,19075
اﺣﻣد اﻟﺳﻼب,Sarrdesign,اﻟﺟﯾزة,اﻛﺗوﺑر,اﻛﺗوﺑر,238383416
اﺣﻣد اﻟﺳﻼب,Sarrdesign,اﻟﺟﯾزة,اﻟﻣﮭﻧدﺳﯾن,اﻟﻣﮭﻧدﺳﯾن,19075
اﺣﻣد اﻟﺳﻼب,Sarrdesign,اﻟﻘﺎھرة,اﻟﺗﺟﻣﻊ,اﻟﺗﺟﻣﻊ,19075
اﺣﻣد اﻟﺳﻼب,Sarrdesign,اﻟﻘﺎھرة,اﻟﺗﺟﻣﻊ,اﻟﺗﺟﻣﻊ,19075
ﻣﺻطﻔﻰ اﻟﺳﻼب,Sarrdesign,اﻟﻘﺎھرة,ﻣدﯾﻧﺔ ﻧﺻر,ﻣدﯾﻧﺔ ﻧﺻر,22750505
ﻣﺻطﻔﻰ اﻟﺳﻼب,Sarrdesign,اﻟﻘﺎھرة,ﻣدﯾﻧﺔ ﻧﺻر,ﻣدﯾﻧﺔ ﻧﺻر,24099101
ﻣﺻطﻔﻰ اﻟﺳﻼب,Sarrdesign,اﻟﺟﯾزة,اﻟﻣﮭﻧدﺳﯾن,اﻟﻣﮭﻧدﺳﯾن,37617780
ﻣﺻطﻔﻰ اﻟﺳﻼب,Sarrdesign,اﻟﻘﺎھرة,ﻣﺻر اﻟﺟدﯾدة,ﻣﺻر اﻟﺟدﯾدة,24543568
ﻣﺻطﻔﻰ اﻟﺳﻼب,Sarrdesign,اﻟﺟﯾزة,اﻟﮭرم,اﻟﮭرم,03 5853386-87
ﻣﺻطﻔﻰ اﻟﺳﻼب,Sarrdesign,اﻟﺟﯾزة,اﻟﺷﯾﺦ زاﯾد,اﻟﺷﯾﺦ زاﯾد,19904
ﻣﺻطﻔﻰ اﻟﺳﻼب,Sarrdesign,اﻟﻘﺎھرة,ﻣدﯾﻧﺗﻰ,ﻣدﯾﻧﺗﻰ,19904
ﻣﺻطﻔﻰ اﻟﺳﻼب,Sarrdesign,اﻻﺳﻛﻧدرﯾﺔ,ﺟﻧﺎﻛﻠﯾس,ﺟﻧﺎﻛﻠﯾس,03 5852931 / 5844800
ﻣﺻطﻔﻰ اﻟﺳﻼب,Sarrdesign,اﻻﺳﻛﻧدرﯾﺔ,اﻟﺳﺎﺣل,اﻟﺳﺎﺣل,19904
ﻣﺻطﻔﻰ اﻟﺳﻼب,Sarrdesign,اﻻﺳﻛﻧدرﯾﺔ,اﻟﺳﺎﺣل,اﻟﺳﺎﺣل,19904
ﻣﺻطﻔﻰ اﻟﺳﻼب,Sarrdesign,اﻟﻐرﺑﯾﺔ,طﻧطﺎ,طﻧطﺎ,040 3339954
ﻣﺻطﻔﻰ اﻟﺳﻼب,Sarrdesign,ﺳوھﺎج,ﺳوھﺎج,ﺳوھﺎج,19904
اﻟﻣﺣﺟوب,Sarrdesign,اﻟﺟﯾزة,ﻓﯾﺻل,ﻓﯾﺻل,19948
اﻟﻣﺣﺟوب,Sarrdesign,اﻟﺟﯾزة,ش اﻟﺑﺣر اﻻﻋظم,ش اﻟﺑﺣر اﻻﻋظم,19948
اﻟﻣﺣﺟوب,Sarrdesign,اﻟﻘﺎھرة,ﻣدﯾﻧﺔ ﻧﺻر,ﻣدﯾﻧﺔ ﻧﺻر,19948
اﻟﻣﺣﺟوب,Sarrdesign,اﻟﻘﺎھرة,اﻟﺗﺟﻣﻊ اﻟﺧﺎﻣس,اﻟﺗﺟﻣﻊ اﻟﺧﺎﻣس,19948
اﻟﻣﺣﺟوب,Sarrdesign,اﻟﻘﺎھرة,اﻟﺷﯾﺦ زاﯾد,اﻟﺷﯾﺦ زاﯾد,19948
اﻟﻣﺣﺟوب,Sarrdesign,اﻟﻘﺎھرة,ﺷﯾراﺗون,ﺷﯾراﺗون,19948
اﻟﻣظﻠوم,Sarrdesign,اﻟﻘﺎھرة,ﻣدﯾﻧﺔ ﻧﺻر,ﻣدﯾﻧﺔ ﻧﺻر,19744 - 1275000069
اﻟﻣظﻠوم,Sarrdesign,اﻟﺟﯾزة,اﻟدﻗﻲ,اﻟدﻗﻲ,19744 - 01210186012
اﻟﻣظﻠوم,Sarrdesign,اﻟﺟﯾزة,اﻟﺷﯾﺦ زاﯾد,اﻟﺷﯾﺦ زاﯾد,19744 - 01227773041
اﻟﻣظﻠوم,Sarrdesign,اﻟﺷرﻗﯾﺔ,اﻟﻌﺑور,اﻟﻌﺑور,1 9 7 4 4
اﻟﻣظﻠوم,Sarrdesign,اﻻﺳﻛﻧدرﯾﺔ,ﺳﻣوﺣﺔ,ﺳﻣوﺣﺔ,19744 - 03 4210741-42-43
اﻟﻣظﻠوم,Sarrdesign,اﻻﺳﻛﻧدرﯾﺔ,ﻲﻣﺎﯾﻣ,ﻲﻣﺎﯾﻣ,19744 - 03 5499604
اﻟﻣظﻠوم,Sarrdesign,اﻻﺳﻛﻧدرﯾﺔ,ﺧورﺷﯾد,ﺧورﺷﯾد,19744 - 03 5184716
اﻟﻣظﻠوم,Sarrdesign,اﻻﺳﻛﻧدرﯾﺔ,اﻟﻣﻧﺷﯾﺔ,اﻟﻣﻧﺷﯾﺔ,19744 - 03 3921325
اﻟﻣظﻠوم,Sarrdesign,اﻻﺳﻛﻧدرﯾﺔ,اﻟﻌﺟﻣﻰ,اﻟﻌﺟﻣﻰ,19744 - 01210186014
اﻟﻣظﻠوم,Sarrdesign,اﻟﻐرﺑﯾﺔ,ﻛﻔر ﺷﻛر,ﻛﻔر ﺷﻛر,19744 - 0132525200
اﻟﻣظﻠوم,Sarrdesign,اﻟﻐرﺑﯾﺔ,دﻓرة,دﻓرة,19744 - 040 3217330
اﻟﻣظﻠوم,Sarrdesign,اﻟﻐرﺑﯾﺔ,داون ﺗﺎون,داون ﺗﺎون,19744 - 01202248022
اﻟﻣظﻠوم,Sarrdesign,اﺳﯾوط,اﺳﯾوط,اﺳﯾوط,19744
اﺑﺎ اﻟﻣزاﺣم,Sarrdesign,اﻟﻘﺎھرة,اﻟﺗﺟﻣﻊ,اﻟﺗﺟﻣﻊ,02 25371712 / -3-4-5-6
اﺑﺎ اﻟﻣزاﺣم,Sarrdesign,اﻟﻘﺎھرة,اﻟﻔﺟﺎﻟﺔ,اﻟﻔﺟﺎﻟﺔ,25922336 / 7-8
اﺑﺎ اﻟﻣزاﺣم,Sarrdesign,اﻟﻘﺎھرة,ﺣداﺋق اﻟﻘﺑﺔ,ﺣداﺋق اﻟﻘﺑﺔ,24439492/-3
اﺑﺎ اﻟﻣزاﺣم,Sarrdesign,اﻟﻘﺎھرة,ﻣدﯾﻧﺔ ﻧﺻر,ﻣدﯾﻧﺔ ﻧﺻر,23490330/1-2-3-4
اﻟﻘدس,Sarrdesign,اﻟﺟﯾزة,ﻓﯾﺻل,ﻓﯾﺻل,33835550
اﻟﻘدس,Sarrdesign,اﻟﺟﯾزة,اﻛﺗوﺑر,اﻛﺗوﺑر,38361599
اﻟﺟزار,Sarrdesign,ﺎﮭﻧﺑ,ﺎﮭﻧﺑ,ﺎﮭﻧﺑ,1103992296
اﻟﺑوﻻﻗﻰ,Sarrdesign,اﻟﻘﺎھرة,اﻟﺷروق,اﻟﺷروق,1016005017
اﻟﺑوﻻﻗﻰ,Sarrdesign,ﺑورﺳﻌﯾد,ﺑورﺳﻌﯾد,ﺑورﺳﻌﯾد,1016005017
ﺣﻣدى ﺷوﻣﺎن,Sarrdesign,اﻟﻐرﺑﯾﺔ,طﻧطﺎ,طﻧطﺎ,0403599494 - 0403343191
ﺣﻣدى ﺷوﻣﺎن,Sarrdesign,اﻟﻐرﺑﯾﺔ,اﻟﻣﺣﻠﺔ,اﻟﻣﺣﻠﺔ,0402253131 - 0402252131
ﻋدﻟﻰ ﺟروب,Sarrdesign,اﻻﺳﻛﻧدرﯾﺔ,اﻟﻣﻧﺷﯾﺔ,اﻟﻣﻧﺷﯾﺔ,034860489 - 01068801495
ﻋدﻟﻰ ﺟروب,Sarrdesign,اﻻﺳﻛﻧدرﯾﺔ,ﺧورﺷﯾد,ﺧورﺷﯾد,035185796 - 01009466665
ﻋدﻟﻰ ﺟروب,Sarrdesign,اﻻﺳﻛﻧدرﯾﺔ,اﻟﻌروﺑﺔ,اﻟﻌروﺑﺔ,033405228 - 01098333222
ﺗﯾوﻟﯾب,Sarrdesign,اﻻﺳﻛﻧدرﯾﺔ,ﻲﻣﺎﯾﻣ,ﻲﻣﺎﯾﻣ,03 4872077
ﺗﯾوﻟﯾب,Sarrdesign,اﻻﺳﻛﻧدرﯾﺔ,اﻟﻣﻧﺗزه,اﻟﻣﻧﺗزه,03 5357771 - 03 5358881
اﺑﻧﺎء رﺑﯾﻊ,Sarrdesign,اﻟدﻗﮭﻠﯾﺔ,اﻟﻣﻧﺻورة,اﻟﻣﻧﺻورة,050 2264333 / 2256666
